﻿<?xml version="1.0" encoding="utf-8"?>
<ManagementPack SchemaVersion="2.0" ContentReadable="true" xmlns:xsd="http://www.w3.org/2001/XMLSchema">
  <Manifest>
    <Identity>
      <ID>URLGenie.Optional.Enable.Additional.Performance.Collections</ID>
      <Version>2.0.0.1</Version>
    </Identity>
    <Name>URLGenie.Optional.Enable.Additional.Performance.Collections</Name>
    <References>
      <Reference Alias="System">
        <ID>System.Library</ID>
        <Version>7.5.8501.0</Version>
        <PublicKeyToken>31bf3856ad364e35</PublicKeyToken>
      </Reference>
      <Reference Alias="URLGenie">
        <ID>URLGenie</ID>
        <Version>2.0.0.38</Version>
        <PublicKeyToken>6649d9cd37e0d562</PublicKeyToken>
      </Reference>
    </References>
  </Manifest>
  <Monitoring>
    <Overrides>
      <RulePropertyOverride ID="OverrideForRuleURLGenieHTTPRequestContentSizeCollectionPerfRuleForContextURLGenieHttpRequestd8ba881ec3334be38cf579ea2aa86b40" Context="URLGenie!URLGenie.HttpRequest.Standard" Enforced="false" Rule="URLGenie!URLGenie.HTTPRequest.Standard.ContentSizeCollection.PerfRule" Property="Enabled">
        <Value>true</Value>
      </RulePropertyOverride>
      <RulePropertyOverride ID="OverrideForRuleURLGenieHTTPRequestDNSResolutionTimeCollectionPerfRuleForContextURLGenieHttpRequest6c2ba46c7fa0447bb7ff85ab68e7434d" Context="URLGenie!URLGenie.HttpRequest.Standard" Enforced="false" Rule="URLGenie!URLGenie.HTTPRequest.Standard.DNSResolutionTimeCollection.PerfRule" Property="Enabled">
        <Value>true</Value>
      </RulePropertyOverride>
      <RulePropertyOverride ID="OverrideForRuleURLGenieHTTPRequestTimeToFirstByteCollectionPerfRuleForContextURLGenieHttpRequestdf9aa3b6245b417a9241f1d3ccf95e35" Context="URLGenie!URLGenie.HttpRequest.Standard" Enforced="false" Rule="URLGenie!URLGenie.HTTPRequest.Standard.TimeToFirstByteCollection.PerfRule" Property="Enabled">
        <Value>true</Value>
      </RulePropertyOverride>
      <RulePropertyOverride ID="OverrideForRuleURLGenieHTTPRequestDownloadTimeCollectionPerfRuleForContextURLGenieHttpRequestb1359395748546df9e351c6e6e1a322b" Context="URLGenie!URLGenie.HttpRequest.Standard" Enforced="false" Rule="URLGenie!URLGenie.HTTPRequest.Standard.DownloadTimeCollection.PerfRule" Property="Enabled">
        <Value>true</Value>
      </RulePropertyOverride>
      <RulePropertyOverride ID="OverrideForRuleURLGenieHTTPRequestTimeToLastByteCollectionPerfRuleForContextURLGenieHttpRequestd6766b1360d046ee9e6485ee704e2c54" Context="URLGenie!URLGenie.HttpRequest.Standard" Enforced="false" Rule="URLGenie!URLGenie.HTTPRequest.Standard.TimeToLastByteCollection.PerfRule" Property="Enabled">
        <Value>true</Value>
      </RulePropertyOverride>
    </Overrides>
  </Monitoring>
  <LanguagePacks>
    <LanguagePack ID="ENU" IsDefault="false">
      <DisplayStrings>
        <DisplayString ElementID="URLGenie.Optional.Enable.Additional.Performance.Collections">
          <Name>URLGenie Optional Enable Additional Performance Collections</Name>
          <Description>
            Contains overrides to enable additional performance collection rules. These performance collection rules are disabled by default:
            - Content Size
            - DNS Resolution Time
            - Download Time
            - Time To First Byte
            - Time to Last Byte
          </Description>
        </DisplayString>
      </DisplayStrings>
      <KnowledgeArticles></KnowledgeArticles>
    </LanguagePack>
  </LanguagePacks>
</ManagementPack>